GONo	ABNo	Time	Vb [m3]	VbT [m3]	Vm [m3]	VmT [m3]	p.Day [ bar]	T.Day [{C]	K.Day	C.Day	St.2	St.4	St.7	St.6	StSy	Ev	Check
6770	284	2024-05-01,06:00:00	3.8476	3.8476	4	4	0.9933	34.67	1.00049	0.91517	0	14	0	0	15	0x8103	CRC Ok
6794	285	2024-05-02,06:00:00	3.8476	3.8476	4	4	0.99336	34.65	1.00048	0.91528	0	14	0	0	15	0x8103	CRC Ok
6818	286	2024-05-03,06:00:00	3.8476	3.8476	4	4	0.99503	34.14	1.00047	0.91837	0	14	0	0	15	0x8103	CRC Ok
6842	287	2024-05-04,06:00:00	3.8476	3.8476	4	4	0.99936	32.86	1.00044	0.92624	0	14	0	0	15	0x8103	CRC Ok
6866	288	2024-05-05,06:00:00	3.8476	3.8476	4	4	0.99853	32.99	1.00045	0.92507	0	14	0	0	15	0x8103	CRC Ok
6890	289	2024-05-06,06:00:00	3.8476	3.8476	4	4	0.99825	32.01	1.00042	0.92781	0	14	0	0	15	0x8103	CRC Ok
6914	290	2024-05-07,06:00:00	3.8476	3.8476	4	4	1.00323	29.08	1.00035	0.94156	0	14	0	0	15	0x8103	CRC Ok
6938	291	2024-05-08,06:00:00	3.8476	3.8476	4	4	1.00565	27.96	1.00033	0.94735	0	14	0	0	15	0x8103	CRC Ok
6962	292	2024-05-09,06:00:00	3.8476	3.8476	4	4	1.00574	27.69	1.00032	0.94828	0	14	0	0	15	0x8103	CRC Ok
6986	293	2024-05-10,06:00:00	3.8476	3.8476	4	4	1.00447	28.15	1.00033	0.94563	0	14	0	0	15	0x8103	CRC Ok
7010	294	2024-05-11,06:00:00	3.8476	3.8476	4	4	1.00416	29.09	1.00035	0.94239	0	14	0	0	15	0x8103	CRC Ok
7034	295	2024-05-12,06:00:00	3.8476	3.8476	4	4	1.00593	28.46	1.00034	0.94605	0	14	0	0	15	0x8103	CRC Ok
7058	296	2024-05-13,06:00:00	3.8476	3.8476	4	4	1.00532	28.67	1.00034	0.94481	0	14	0	0	15	0x8103	CRC Ok
7082	297	2024-05-14,06:00:00	3.8476	3.8476	4	4	1.00381	29.7	1.00037	0.94016	0	14	0	0	15	0x8103	CRC Ok
7106	298	2024-05-15,06:00:00	3.8476	3.8476	4	4	1.00307	30.53	1.00039	0.93687	0	14	0	0	15	0x8103	CRC Ok
7130	299	2024-05-16,06:00:00	3.8476	3.8476	4	4	1.00381	30.78	1.00039	0.93679	0	14	0	0	15	0x8103	CRC Ok
7154	300	2024-05-17,06:00:00	3.8476	3.8476	4	4	1.0017	31.65	1.00041	0.93213	0	14	0	0	15	0x8103	CRC Ok
7178	301	2024-05-18,06:00:00	3.8476	3.8476	4	4	0.99965	32.52	1.00043	0.92755	0	14	0	0	15	0x8103	CRC Ok
7202	302	2024-05-19,06:00:00	3.8476	3.8476	4	4	0.99979	31.16	1.0004	0.93185	0	14	0	0	15	0x8103	CRC Ok
7226	303	2024-05-20,06:00:00	3.8476	3.8476	4	4	0.99932	30.14	1.00038	0.93457	0	14	0	0	15	0x8103	CRC Ok
7250	304	2024-05-21,06:00:00	3.8476	3.8476	4	4	1.00048	29.55	1.00037	0.93748	0	14	0	0	15	0x8103	CRC Ok
7274	305	2024-05-22,06:00:00	3.8476	3.8476	4	4	0.99964	30.19	1.00038	0.93471	0	14	0	0	15	0x8103	CRC Ok
7298	306	2024-05-23,06:00:00	3.8476	3.8476	4	4	0.99903	31.32	1.00041	0.93064	0	14	0	0	15	0x8103	CRC Ok
7322	307	2024-05-24,06:00:00	3.8476	3.8476	4	4	0.9963	32.41	1.00044	0.92477	0	14	0	0	15	0x8103	CRC Ok
7346	308	2024-05-25,06:00:00	3.8476	3.8476	4	4	0.99392	33.35	1.00046	0.91973	0	14	0	0	15	0x8103	CRC Ok
7370	309	2024-05-26,06:00:00	3.8476	3.8476	4	4	0.99245	33.85	1.00047	0.91685	0	14	0	0	15	0x8103	CRC Ok
7394	310	2024-05-27,06:00:00	3.8476	3.8476	4	4	0.99084	32.22	1.00044	0.92028	0	14	0	0	15	0x8103	CRC Ok
7418	311	2024-05-28,06:00:00	3.8476	3.8476	4	4	0.98345	29.44	1.0004	0.92184	0	14	0	0	15	0x8103	CRC Ok
7442	312	2024-05-29,06:00:00	3.8476	3.8476	4	4	0.99269	28.94	1.00037	0.93207	0	14	0	0	15	0x8103	CRC Ok
7466	313	2024-05-30,06:00:00	3.8476	3.8476	4	4	0.99441	30.37	1.00039	0.92924	0	14	0	0	15	0x8103	CRC Ok
7490	314	2024-05-31,06:00:00	3.8476	3.8476	4	4	0.99672	30.86	1.0004	0.92992	0	14	0	0	15	0x8103	CRC Ok
7514	315	2024-06-01,06:00:00	3.8476	3.8476	4	4	0.9982	30.66	1.0004	0.93192	0	14	0	0	15	0x8103	CRC Ok
7538	316	2024-06-02,06:00:00	3.8476	3.8476	4	4	0.99901	31.07	1.0004	0.9314	0	14	0	0	15	0x8103	CRC Ok
7562	317	2024-06-03,06:00:00	3.8476	3.8476	4	4	0.99894	31.73	1.00042	0.92929	0	14	0	0	15	0x8103	CRC Ok
7586	318	2024-06-04,06:00:00	3.8476	3.8476	4	4	0.99844	31.82	1.00042	0.92856	0	14	0	0	15	0x8103	CRC Ok
7610	319	2024-06-05,06:00:00	3.8476	3.8476	4	4	0.9992	31.14	1.0004	0.93136	0	14	0	0	15	0x8103	CRC Ok
7634	320	2024-06-06,06:00:00	3.8476	3.8476	4	4	0.99921	31.13	1.0004	0.93142	0	14	0	0	15	0x8103	CRC Ok
7658	321	2024-06-07,06:00:00	3.8476	3.8476	4	4	0.99897	30.63	1.00039	0.93274	0	14	0	0	15	0x8103	CRC Ok
7682	322	2024-06-08,06:00:00	3.8476	3.8476	4	4	0.99759	30.37	1.00039	0.93223	0	14	0	0	15	0x8103	CRC Ok
7706	323	2024-06-09,06:00:00	3.8476	3.8476	4	4	0.99628	30.51	1.00039	0.93059	0	14	0	0	15	0x8103	CRC Ok
7730	324	2024-06-10,06:00:00	3.8476	3.8476	4	4	0.99631	30.94	1.00041	0.92927	0	14	0	0	15	0x8103	CRC Ok
7754	325	2024-06-11,06:00:00	3.8476	3.8476	4	4	0.99758	29.76	1.00038	0.93411	0	14	0	0	15	0x8103	CRC Ok
7778	326	2024-06-12,06:00:00	3.8476	3.8476	4	4	0.99627	30.63	1.0004	0.9302	0	14	0	0	15	0x8103	CRC Ok
7802	327	2024-06-13,06:00:00	3.8476	3.8476	4	4	0.99623	31.5	1.00042	0.92749	0	14	0	0	15	0x8103	CRC Ok
7826	328	2024-06-14,06:00:00	3.8476	3.8476	4	4	0.99564	31.51	1.00042	0.9269	0	14	0	0	15	0x8103	CRC Ok
7850	329	2024-06-15,06:00:00	4823.6591	4823.6591	3226	3226	1.34382	32.43	0.99984	1.24779	0	14	0	0	15	0x8103	CRC Ok
7874	330	2024-06-16,06:00:00	8736.1836	8736.1836	5587	5587	1.99593	32.61	0.99872	1.85555	0	14	0	0	15	0x8103	CRC Ok
7898	331	2024-06-17,06:00:00	12736.0469	12736.0469	7806	7806	2.05409	33.02	0.99864	1.90687	0	14	0	0	15	0x8103	CRC Ok
7922	332	2024-06-18,06:00:00	15450.434	15450.434	9183	9183	2.24814	32.72	0.9983	2.08974	0	14	0	0	15	0x8103	CRC Ok
7946	333	2024-06-19,06:00:00	17264.4294	17264.4294	10176	10176	2.2783	32	0.9982	2.12341	0	14	0	0	15	0x8103	CRC Ok
7970	334	2024-06-20,06:00:00	23629.0083	23629.0083	13426	13426	2.25347	31.17	0.99821	2.10537	0	14	0	0	15	0x8103	CRC Ok
7994	335	2024-06-21,06:00:00	28012.6489	28012.6489	15981	15981	1.39404	29.68	0.99969	1.30428	0	14	0	0	15	0x8103	CRC Ok
8018	336	2024-06-22,06:00:00	28017.3252	28017.3252	15986	15986	0.99709	29.26	1.00037	0.93523	0	14	0	0	15	0x8103	CRC Ok
8042	337	2024-06-23,06:00:00	28023.8836	28023.8836	15993	15993	0.99751	29.27	1.00037	0.93559	0	14	0	0	15	0x8103	CRC Ok
8070	338	2024-06-24,06:00:00	28036.8562	28036.8562	16007	16007	0.99603	31.07	1.0004	0.92863	0	14	0	0	15	0x8103	CRC Ok
8094	339	2024-06-25,06:00:00	28037.7818	28037.7818	16008	16008	0.99605	30.26	1.00039	0.93113	0	14	0	0	15	0x8103	CRC Ok
8118	340	2024-06-26,06:00:00	28040.5709	28040.5709	16011	16011	0.99559	30.48	1.0004	0.93002	0	14	0	0	15	0x8103	CRC Ok
8142	341	2024-06-27,06:00:00	28041.5014	28041.5014	16012	16012	0.9966	30.72	1.0004	0.93025	0	14	0	0	15	0x8103	CRC Ok
8166	342	2024-06-28,06:00:00	28041.5014	28041.5014	16012	16012	0.99752	30.97	1.0004	0.9303	0	14	0	0	15	0x8103	CRC Ok
8190	343	2024-06-29,06:00:00	28041.5014	28041.5014	16012	16012	0.99519	30.73	1.0004	0.92888	0	14	0	0	15	0x8103	CRC Ok
8214	344	2024-06-30,06:00:00	28041.5014	28041.5014	16012	16012	0.99527	30.14	1.00039	0.93077	0	14	0	0	15	0x8103	CRC Ok
8238	345	2024-07-01,06:00:00	28041.5014	28041.5014	16012	16012	0.99523	29.53	1.00038	0.93263	0	14	0	0	15	0x8103	CRC Ok
8262	346	2024-07-02,06:00:00	28041.5014	28041.5014	16012	16012	0.99459	29.16	1.00037	0.93318	0	14	0	0	15	0x8103	CRC Ok
8286	347	2024-07-03,06:00:00	28041.5014	28041.5014	16012	16012	0.99452	28.83	1.00036	0.93412	0	14	0	0	15	0x8103	CRC Ok
8310	348	2024-07-04,06:00:00	28041.5014	28041.5014	16012	16012	0.99703	28.64	1.00035	0.93709	0	14	0	0	15	0x8103	CRC Ok
8334	349	2024-07-05,06:00:00	28041.5014	28041.5014	16012	16012	0.9986	28.56	1.00035	0.93882	0	14	0	0	15	0x8103	CRC Ok
8358	350	2024-07-06,06:00:00	28041.5014	28041.5014	16012	16012	0.99777	28.6	1.00035	0.93791	0	14	0	0	15	0x8103	CRC Ok
8382	351	2024-07-07,06:00:00	28041.5014	28041.5014	16012	16012	0.99774	29.07	1.00036	0.93641	0	14	0	0	15	0x8103	CRC Ok
8406	352	2024-07-08,06:00:00	28041.5014	28041.5014	16012	16012	0.99838	29.82	1.00038	0.93467	0	14	0	0	15	0x8103	CRC Ok
8430	353	2024-07-09,06:00:00	28041.5014	28041.5014	16012	16012	0.99879	30.25	1.00039	0.93373	0	14	0	0	15	0x8103	CRC Ok
8454	354	2024-07-10,06:00:00	28041.5014	28041.5014	16012	16012	1.00001	30.13	1.00039	0.93526	0	14	0	0	15	0x8103	CRC Ok
8478	355	2024-07-11,06:00:00	28041.5014	28041.5014	16012	16012	0.99924	30.26	1.00039	0.93412	0	14	0	0	15	0x8103	CRC Ok
8502	356	2024-07-12,06:00:00	28041.5014	28041.5014	16012	16012	0.99594	30.25	1.00039	0.93106	0	14	0	0	15	0x8103	CRC Ok
8526	357	2024-07-13,06:00:00	28041.5014	28041.5014	16012	16012	0.99541	29.38	1.00037	0.93326	0	14	0	0	15	0x8103	CRC Ok
8550	358	2024-07-14,06:00:00	28041.5014	28041.5014	16012	16012	0.99393	29.55	1.00038	0.93133	0	14	0	0	15	0x8103	CRC Ok
8574	359	2024-07-15,06:00:00	28041.5014	28041.5014	16012	16012	0.99434	30.03	1.00039	0.93025	0	14	0	0	15	0x8103	CRC Ok
8598	360	2024-07-16,06:00:00	28041.5014	28041.5014	16012	16012	0.99603	30.54	1.00039	0.93026	0	14	0	0	15	0x8103	CRC Ok
8622	361	2024-07-17,06:00:00	28041.5014	28041.5014	16012	16012	0.99682	30.56	1.00039	0.93093	0	14	0	0	15	0x8103	CRC Ok
8646	362	2024-07-18,06:00:00	28041.5014	28041.5014	16012	16012	0.9953	31.11	1.00041	0.92783	0	14	0	0	15	0x8103	CRC Ok
8670	363	2024-07-19,06:00:00	28041.5014	28041.5014	16012	16012	0.99293	32.3	1.00044	0.92199	0	14	0	0	15	0x8103	CRC Ok
8694	364	2024-07-20,06:00:00	28041.5014	28041.5014	16012	16012	0.99234	32.56	1.00045	0.92065	0	14	0	0	15	0x8103	CRC Ok
8718	365	2024-07-21,06:00:00	28041.5014	28041.5014	16012	16012	0.99414	32.01	1.00043	0.92398	0	14	0	0	15	0x8103	CRC Ok
8742	366	2024-07-22,06:00:00	28041.5014	28041.5014	16012	16012	0.99492	31.35	1.00042	0.92673	0	14	0	0	15	0x8103	CRC Ok
8766	367	2024-07-23,06:00:00	28041.5014	28041.5014	16012	16012	0.99554	30.62	1.0004	0.92956	0	14	0	0	15	0x8103	CRC Ok
8790	368	2024-07-24,06:00:00	28041.5014	28041.5014	16012	16012	0.99252	30.19	1.00039	0.92804	0	14	0	0	15	0x8103	CRC Ok
8814	369	2024-07-25,06:00:00	28041.5014	28041.5014	16012	16012	0.98929	30.25	1.0004	0.92483	0	14	0	0	15	0x8103	CRC Ok
8838	370	2024-07-26,06:00:00	28041.5014	28041.5014	16012	16012	0.98761	30.59	1.00041	0.92222	0	14	0	0	15	0x8103	CRC Ok
8862	371	2024-07-27,06:00:00	28041.5014	28041.5014	16012	16012	0.98845	30.96	1.00042	0.92187	0	14	0	0	15	0x8103	CRC Ok
8886	372	2024-07-28,06:00:00	28041.5014	28041.5014	16012	16012	0.99231	31.21	1.00042	0.9247	0	14	0	0	15	0x8103	CRC Ok
8910	373	2024-07-29,06:00:00	28041.5014	28041.5014	16012	16012	0.99236	31.67	1.00043	0.92336	0	14	0	0	15	0x8103	CRC Ok
8934	374	2024-07-30,06:00:00	28041.5014	28041.5014	16012	16012	0.99365	31.37	1.00042	0.92549	0	14	0	0	15	0x8103	CRC Ok
8958	375	2024-07-31,06:00:00	28041.5014	28041.5014	16012	16012	0.99565	30.95	1.00041	0.92865	0	14	0	0	15	0x8103	CRC Ok
8982	376	2024-08-01,06:00:00	28041.5014	28041.5014	16012	16012	0.9946	30.83	1.0004	0.92801	0	14	0	0	15	0x8103	CRC Ok
9006	377	2024-08-02,06:00:00	28041.5014	28041.5014	16012	16012	0.99497	29.15	1.00037	0.93357	0	14	0	0	15	0x8103	CRC Ok
9030	378	2024-08-03,06:00:00	28041.5014	28041.5014	16012	16012	0.99777	28.25	1.00035	0.93901	0	14	0	0	15	0x8103	CRC Ok
9054	379	2024-08-04,06:00:00	28041.5014	28041.5014	16012	16012	1.00097	28.22	1.00034	0.94211	0	14	0	0	15	0x8103	CRC Ok
9078	380	2024-08-05,06:00:00	28041.5014	28041.5014	16012	16012	1.00079	28.79	1.00035	0.94014	0	14	0	0	15	0x8103	CRC Ok
9102	381	2024-08-06,06:00:00	28041.5014	28041.5014	16012	16012	0.99952	29.1	1.00036	0.93799	0	14	0	0	15	0x8103	CRC Ok
9126	382	2024-08-07,06:00:00	28041.5014	28041.5014	16012	16012	0.99843	29.27	1.00037	0.93642	0	14	0	0	15	0x8103	CRC Ok
9150	383	2024-08-08,06:00:00	28041.5014	28041.5014	16012	16012	0.99912	29.51	1.00037	0.93635	0	14	0	0	15	0x8103	CRC Ok
9174	384	2024-08-09,06:00:00	28041.5014	28041.5014	16012	16012	1.0012	29.42	1.00036	0.93858	0	14	0	0	15	0x8103	CRC Ok
9198	385	2024-08-10,06:00:00	28041.5014	28041.5014	16012	16012	1.00163	29.22	1.00035	0.93961	0	14	0	0	15	0x8103	CRC Ok
9222	386	2024-08-11,06:00:00	28041.5014	28041.5014	16012	16012	0.99991	29.54	1.00037	0.93698	0	14	0	0	15	0x8103	CRC Ok
9246	387	2024-08-12,06:00:00	28041.5014	28041.5014	16012	16012	0.99928	29.51	1.00037	0.93649	0	14	0	0	15	0x8103	CRC Ok
9270	388	2024-08-13,06:00:00	28041.5014	28041.5014	16012	16012	0.99979	29.45	1.00037	0.93715	0	14	0	0	15	0x8103	CRC Ok
9294	389	2024-08-14,06:00:00	28041.5014	28041.5014	16012	16012	0.99988	29.84	1.00038	0.93602	0	14	0	0	15	0x8103	CRC Ok
9318	390	2024-08-15,06:00:00	28041.5014	28041.5014	16012	16012	0.99927	30.36	1.00039	0.93383	0	14	0	0	15	0x8103	CRC Ok
9342	391	2024-08-16,06:00:00	28041.5014	28041.5014	16012	16012	0.99779	30.69	1.00039	0.93142	0	14	0	0	15	0x8103	CRC Ok
9366	392	2024-08-17,06:00:00	28041.5014	28041.5014	16012	16012	0.9976	30.25	1.00039	0.93261	0	14	0	0	15	0x8103	CRC Ok
9390	393	2024-08-18,06:00:00	28041.5014	28041.5014	16012	16012	0.99841	29.32	1.00037	0.93627	0	14	0	0	15	0x8103	CRC Ok
9414	394	2024-08-19,06:00:00	28041.5014	28041.5014	16012	16012	0.99926	28.54	1.00035	0.93948	0	14	0	0	15	0x8103	CRC Ok
9438	395	2024-08-20,06:00:00	28041.5014	28041.5014	16012	16012	0.99825	28.01	1.00034	0.94023	0	14	0	0	15	0x8103	CRC Ok
9462	396	2024-08-21,06:00:00	28041.5014	28041.5014	16012	16012	1.00037	28.36	1.00035	0.94111	0	14	0	0	15	0x8103	CRC Ok
9486	397	2024-08-22,06:00:00	28041.5014	28041.5014	16012	16012	1.00075	28.18	1.00034	0.94203	0	14	0	0	15	0x8103	CRC Ok
9510	398	2024-08-23,06:00:00	28041.5014	28041.5014	16012	16012	1.00137	27.6	1.00032	0.94444	0	14	0	0	15	0x8103	CRC Ok
9534	399	2024-08-24,06:00:00	28041.5014	28041.5014	16012	16012	1.00215	27.79	1.00033	0.9446	0	14	0	0	15	0x8103	CRC Ok
9558	400	2024-08-25,06:00:00	28041.5014	28041.5014	16012	16012	1.00112	28.39	1.00034	0.94172	0	14	0	0	15	0x8103	CRC Ok
9582	401	2024-08-26,06:00:00	28041.5014	28041.5014	16012	16012	0.99894	28.14	1.00034	0.94046	0	14	0	0	15	0x8103	CRC Ok
9606	402	2024-08-27,06:00:00	28041.5014	28041.5014	16012	16012	1.00102	27.76	1.00033	0.94359	0	14	0	0	15	0x8103	CRC Ok
9630	403	2024-08-28,06:00:00	28041.5014	28041.5014	16012	16012	1.00237	28.17	1.00034	0.94358	0	14	0	0	15	0x8103	CRC Ok
9654	404	2024-08-29,06:00:00	28041.5014	28041.5014	16012	16012	1.00114	28.62	1.00035	0.941	0	14	0	0	15	0x8103	CRC Ok
9678	405	2024-08-30,06:00:00	28041.5014	28041.5014	16012	16012	1.00002	29.24	1.00036	0.93804	0	14	0	0	15	0x8103	CRC Ok
9702	406	2024-08-31,06:00:00	28041.5014	28041.5014	16012	16012	0.9999	30.08	1.00038	0.93528	0	14	0	0	15	0x8103	CRC Ok
9726	407	2024-09-01,06:00:00	28041.5014	28041.5014	16012	16012	1.00049	30.6	1.00039	0.93425	0	14	0	0	15	0x8103	CRC Ok
9750	408	2024-09-02,06:00:00	28042.4395	28042.4395	16013	16013	1.00179	30.38	1.00039	0.93614	0	14	0	0	15	0x8103	CRC Ok
9774	409	2024-09-03,06:00:00	28042.4395	28042.4395	16013	16013	1.00125	30.31	1.00038	0.93584	0	14	0	0	15	0x8103	CRC Ok
9798	410	2024-09-04,06:00:00	28042.4395	28042.4395	16013	16013	1.00191	29.86	1.00037	0.93788	0	14	0	0	15	0x8103	CRC Ok
9822	411	2024-09-05,06:00:00	28042.4395	28042.4395	16013	16013	0.99837	30.17	1.00039	0.93357	0	14	0	0	15	0x8103	CRC Ok
9846	412	2024-09-06,06:00:00	28042.4395	28042.4395	16013	16013	0.99802	30.31	1.00039	0.93284	0	14	0	0	15	0x8103	CRC Ok
9870	413	2024-09-07,06:00:00	28042.4395	28042.4395	16013	16013	0.99835	30.18	1.00038	0.93355	0	14	0	0	15	0x8103	CRC Ok
9894	414	2024-09-08,06:00:00	28042.4395	28042.4395	16013	16013	0.99793	30.95	1.0004	0.93076	0	14	0	0	15	0x8103	CRC Ok
9918	415	2024-09-09,06:00:00	28042.4395	28042.4395	16013	16013	0.9975	31.3	1.00041	0.92927	0	14	0	0	15	0x8103	CRC Ok
9942	416	2024-09-10,06:00:00	28042.4395	28042.4395	16013	16013	0.99639	31.67	1.00042	0.92713	0	14	0	0	15	0x8103	CRC Ok
9966	417	2024-09-11,06:00:00	28042.4395	28042.4395	16013	16013	0.99691	31.53	1.00042	0.92802	0	14	0	0	15	0x8103	CRC Ok
9990	418	2024-09-12,06:00:00	28042.4395	28042.4395	16013	16013	0.99616	31.83	1.00043	0.9264	0	14	0	0	15	0x8103	CRC Ok
10014	419	2024-09-13,06:00:00	28042.4395	28042.4395	16013	16013	0.99397	32.25	1.00043	0.92308	0	14	0	0	15	0x8103	CRC Ok
10038	420	2024-09-14,06:00:00	28042.4395	28042.4395	16013	16013	0.99212	31.39	1.00042	0.924	0	14	0	0	15	0x8103	CRC Ok
10062	421	2024-09-15,06:00:00	28042.4395	28042.4395	16013	16013	0.99445	28.39	1.00036	0.93544	0	14	0	0	15	0x8103	CRC Ok
10086	422	2024-09-16,06:00:00	28042.4395	28042.4395	16013	16013	0.99665	27.45	1.00033	0.94047	0	14	0	0	15	0x8103	CRC Ok
10110	423	2024-09-17,06:00:00	28042.4395	28042.4395	16013	16013	1.00041	28.04	1.00034	0.94214	0	14	0	0	15	0x8103	CRC Ok
10134	424	2024-09-18,06:00:00	28042.4395	28042.4395	16013	16013	1.00064	29.2	1.00036	0.93875	0	14	0	0	15	0x8103	CRC Ok
10158	425	2024-09-19,06:00:00	28042.4395	28042.4395	16013	16013	0.99855	30.16	1.00039	0.93378	0	14	0	0	15	0x8103	CRC Ok
10182	426	2024-09-20,06:00:00	28042.4395	28042.4395	16013	16013	0.99723	31.24	1.00041	0.92921	0	14	0	0	15	0x8103	CRC Ok
10206	427	2024-09-21,06:00:00	28042.4395	28042.4395	16013	16013	0.99707	32.33	1.00043	0.92574	0	14	0	0	15	0x8103	CRC Ok
10230	428	2024-09-22,06:00:00	28042.4395	28042.4395	16013	16013	0.99947	30.63	1.00039	0.93319	0	14	0	0	15	0x8103	CRC Ok
10254	429	2024-09-23,06:00:00	28042.4395	28042.4395	16013	16013	0.99718	30.71	1.0004	0.9308	0	14	0	0	15	0x8103	CRC Ok
10278	430	2024-09-24,06:00:00	28042.4395	28042.4395	16013	16013	0.99802	31.72	1.00042	0.92849	0	14	0	0	15	0x8103	CRC Ok
10302	431	2024-09-25,06:00:00	28046.1441	28046.1441	16017	16017	1.00057	30.53	1.00039	0.93455	0	14	0	0	15	0x8103	CRC Ok
10326	432	2024-09-26,06:00:00	32255.2554	32255.2554	18195	18195	1.47704	28.79	0.9995	1.38783	0	14	0	0	15	0x8103	CRC Ok
10350	433	2024-09-27,06:00:00	41955.4925	41955.4925	23642	23642	1.94028	29.6	0.9987	1.82115	0	14	0	0	15	0x8103	CRC Ok
10374	434	2024-09-28,06:00:00	51955.9273	51955.9273	28997	28997	2.01499	29.65	0.99856	1.891	0	14	0	0	15	0x8103	CRC Ok
10398	435	2024-09-29,06:00:00	61737.8303	61737.8303	34396	34396	1.96715	30.02	0.99867	1.84364	0	14	0	0	15	0x8103	CRC Ok
10422	436	2024-09-30,06:00:00	71557.9045	71557.9045	39848	39848	1.95953	30.08	0.99868	1.8361	0	14	0	0	15	0x8103	CRC Ok
10446	437	2024-10-01,06:00:00	81290.259	81290.259	45333	45333	1.9334	29.97	0.99872	1.81223	0	14	0	0	15	0x8103	CRC Ok
10470	438	2024-10-02,06:00:00	90927.4097	90927.4097	50694	50694	1.95342	29.94	0.99869	1.83128	0	14	0	0	15	0x8103	CRC Ok
10494	439	2024-10-03,06:00:00	100564.2006	100564.2006	56066	56066	1.94895	29.72	0.99869	1.82846	0	14	0	0	15	0x8103	CRC Ok
10518	440	2024-10-04,06:00:00	110879.4205	110879.4205	61637	61637	2.00023	29.39	0.99858	1.87874	0	14	0	0	15	0x8103	CRC Ok
10542	441	2024-10-05,06:00:00	120936.8787	120936.8787	66825	66825	2.07961	29.1	0.99842	1.9554	0	14	0	0	15	0x8103	CRC Ok
10566	442	2024-10-06,06:00:00	131211.6133	131211.6133	72213	72213	2.0487	28.98	0.99848	1.92702	0	14	0	0	15	0x8103	CRC Ok
10590	443	2024-10-07,06:00:00	141228.6564	141228.6564	77508	77508	2.04054	29.4	0.99851	1.91664	0	14	0	0	15	0x8103	CRC Ok
10614	444	2024-10-08,06:00:00	151131.5122	151131.5122	82718	82718	2.04257	29.31	0.9985	1.9191	0	14	0	0	15	0x8103	CRC Ok
10638	445	2024-10-09,06:00:00	156227.0857	156227.0857	85390	85390	1.99911	29.34	0.99858	1.87799	0	14	0	0	15	0x8103	CRC Ok
10662	446	2024-10-10,06:00:00	163942.2334	163942.2334	89683	89683	1.94515	29.17	0.99867	1.82834	0	14	0	0	15	0x8103	CRC Ok
10686	447	2024-10-11,06:00:00	173540.3925	173540.3925	95057	95057	1.94675	29.48	0.99868	1.82782	0	14	0	0	15	0x8103	CRC Ok
10710	448	2024-10-12,06:00:00	183582.2037	183582.2037	100414	100414	2.02197	29.53	0.99855	1.89828	0	14	0	0	15	0x8103	CRC Ok
10734	449	2024-10-13,06:00:00	192775.3816	192775.3816	105358	105358	2.0051	29.41	0.99858	1.8832	0	14	0	0	15	0x8103	CRC Ok
10758	450	2024-10-14,06:00:00	202089.1545	202089.1545	110320	110320	2.02572	29.76	0.99855	1.90036	0	14	0	0	15	0x8103	CRC Ok
10782	451	2024-10-15,06:00:00	211678.7714	211678.7714	115489	115489	2.00286	29.75	0.99859	1.8789	0	14	0	0	15	0x8103	CRC Ok
10806	452	2024-10-16,06:00:00	221339.2323	221339.2323	120758	120758	1.98008	29.76	0.99863	1.85741	0	14	0	0	15	0x8103	CRC Ok
10830	453	2024-10-17,06:00:00	230982.9619	230982.9619	126143	126143	1.95054	29.86	0.99869	1.82901	0	14	0	0	15	0x8103	CRC Ok
10854	454	2024-10-18,06:00:00	240738.2567	240738.2567	131400	131400	2.0128	29.6	0.99857	1.88928	0	14	0	0	15	0x8103	CRC Ok
10878	455	2024-10-19,06:00:00	249829.9975	249829.9975	136095	136095	2.08624	29.05	0.99841	1.96201	0	14	0	0	15	0x8103	CRC Ok
10902	456	2024-10-20,06:00:00	260021.1227	260021.1227	141329	141329	2.08195	29.11	0.99842	1.95748	0	14	0	0	15	0x8103	CRC Ok
10926	457	2024-10-21,06:00:00	268059.7458	268059.7458	145480	145480	2.0721	29.28	0.99844	1.94711	0	14	0	0	15	0x8103	CRC Ok
10950	458	2024-10-22,06:00:00	278842.7108	278842.7108	151085	151085	2.05881	29.35	0.99847	1.93412	0	14	0	0	15	0x8103	CRC Ok
10974	459	2024-10-23,06:00:00	288906.6399	288906.6399	156334	156334	2.07657	29.6	0.99845	1.94924	0	14	0	0	15	0x8103	CRC Ok
10998	460	2024-10-24,06:00:00	298233.7659	298233.7659	161123	161123	2.08105	29.14	0.99842	1.95653	0	14	0	0	15	0x8103	CRC Ok
11022	461	2024-10-25,06:00:00	306941.2756	306941.2756	165601	165601	2.08262	28.32	0.99839	1.96335	0	14	0	0	15	0x8103	CRC Ok
11046	462	2024-10-26,06:00:00	312922.448	312922.448	168652	168652	2.09434	28.67	0.99838	1.97212	0	14	0	0	15	0x8103	CRC Ok
11070	463	2024-10-27,06:00:00	321380.7632	321380.7632	172981	172981	2.09551	28.83	0.99838	1.97217	0	14	0	0	15	0x8103	CRC Ok
11094	464	2024-10-28,06:00:00	329076.2875	329076.2875	176940	176940	2.08086	29.1	0.99842	1.95654	0	14	0	0	15	0x8103	CRC Ok
11118	465	2024-10-29,06:00:00	335288.123	335288.123	180183	180183	2.08084	29.31	0.99843	1.95522	0	14	0	0	15	0x8103	CRC Ok
11142	466	2024-10-30,06:00:00	343442.7894	343442.7894	184426	184426	2.05827	29.53	0.99848	1.93246	0	14	0	0	15	0x8103	CRC Ok
11166	467	2024-10-31,06:00:00	353506.5443	353506.5443	189620	189620	2.07462	29.66	0.99846	1.947	0	14	0	0	15	0x8103	CRC Ok
11190	468	2024-11-01,06:00:00	361346.5956	361346.5956	193669	193669	2.08324	29.7	0.99844	1.95489	0	14	0	0	15	0x8103	CRC Ok
11214	469	2024-11-02,06:00:00	369158.1542	369158.1542	197674	197674	2.10483	29.37	0.99839	1.97746	0	14	0	0	15	0x8103	CRC Ok
11238	470	2024-11-03,06:00:00	379137.7028	379137.7028	202786	202786	2.08536	29.41	0.99843	1.9588	0	14	0	0	15	0x8103	CRC Ok
11262	471	2024-11-04,06:00:00	387593.5648	387593.5648	207154	207154	2.08217	29.79	0.99845	1.95331	0	14	0	0	15	0x8103	CRC Ok
11286	472	2024-11-05,06:00:00	395748.8608	395748.8608	211465	211465	2.05611	29.79	0.9985	1.92884	0	14	0	0	15	0x8103	CRC Ok
11310	473	2024-11-06,06:00:00	402328.5813	402328.5813	214987	214987	2.05731	29.47	0.99848	1.93208	0	14	0	0	15	0x8103	CRC Ok
11334	474	2024-11-07,06:00:00	411869.8603	411869.8603	219910	219910	2.0752	29.01	0.99843	1.95183	0	14	0	0	15	0x8103	CRC Ok
11358	475	2024-11-08,06:00:00	421614.7391	421614.7391	224921	224921	2.08237	29.21	0.99843	1.95729	0	14	0	0	15	0x8103	CRC Ok
11382	476	2024-11-09,06:00:00	429885.8104	429885.8104	229134	229134	2.10657	28.87	0.99836	1.9824	0	14	0	0	15	0x8103	CRC Ok
11406	477	2024-11-10,06:00:00	439970.0036	439970.0036	234262	234262	2.09888	29.03	0.99839	1.974	0	14	0	0	15	0x8103	CRC Ok
11430	478	2024-11-11,06:00:00	450206.5558	450206.5558	239478	239478	2.14552	29.07	0.9983	2.01784	0	14	0	0	15	0x8103	CRC Ok
11454	479	2024-11-12,06:00:00	459486.6395	459486.6395	244227	244227	2.08875	29.27	0.99842	1.96287	0	14	0	0	15	0x8103	CRC Ok
11478	480	2024-11-13,06:00:00	464859.175	464859.175	246975	246975	2.0856	29.26	0.99842	1.95998	0	14	0	0	15	0x8103	CRC Ok
11502	481	2024-11-14,06:00:00	474884.3849	474884.3849	252159	252159	2.07014	29.2	0.99844	1.94582	0	14	0	0	15	0x8103	CRC Ok
11526	482	2024-11-15,06:00:00	485003.885	485003.885	257365	257365	2.08293	29.08	0.99842	1.95869	0	14	0	0	15	0x8103	CRC Ok
11550	483	2024-11-16,06:00:00	493488	493488	261664	261664	2.11536	28.54	0.99833	1.99288	0	14	0	0	15	0x8103	CRC Ok
11574	484	2024-11-17,06:00:00	503524.3595	503524.3595	266749	266749	2.10118	28.22	0.99835	1.98159	0	14	0	0	15	0x8103	CRC Ok
11598	485	2024-11-18,06:00:00	514232.5834	514232.5834	272176	272176	2.12358	28.17	0.9983	2.00321	0	14	0	0	15	0x8103	CRC Ok
11622	486	2024-11-19,06:00:00	524911.9484	524911.9484	277608	277608	2.09493	28.24	0.99836	1.97556	0	14	0	0	15	0x8103	CRC Ok
11646	487	2024-11-20,06:00:00	535008.7972	535008.7972	282795	282795	2.07982	28.26	0.99839	1.96117	0	14	0	0	15	0x8103	CRC Ok
11670	488	2024-11-21,06:00:00	544592.5353	544592.5353	287678	287678	2.09868	28.04	0.99834	1.98044	0	14	0	0	15	0x8103	CRC Ok
11694	489	2024-11-22,06:00:00	554831.6868	554831.6868	292954	292954	2.06641	28.12	0.99841	1.9494	0	14	0	0	15	0x8103	CRC Ok
11718	490	2024-11-23,06:00:00	565643.0836	565643.0836	298500	298500	2.08926	27.55	0.99834	1.97482	0	14	0	0	15	0x8103	CRC Ok
11742	491	2024-11-24,06:00:00	575684.3825	575684.3825	303606	303606	2.10106	27.23	0.9983	1.98809	0	14	0	0	15	0x8103	CRC Ok
11766	492	2024-11-25,06:00:00	586089.5768	586089.5768	308898	308898	2.09024	27.2	0.99832	1.97801	0	14	0	0	15	0x8103	CRC Ok
11790	493	2024-11-26,06:00:00	596584.1096	596584.1096	314236	314236	2.09622	27.09	0.99831	1.98443	0	14	0	0	15	0x8103	CRC Ok
11814	494	2024-11-27,06:00:00	606886.0856	606886.0856	319545	319545	2.06677	27.16	0.99836	1.95605	0	14	0	0	15	0x8103	CRC Ok
11838	495	2024-11-28,06:00:00	617114.7717	617114.7717	324982	324982	2.01908	27.29	0.99846	1.90995	0	14	0	0	15	0x8103	CRC Ok
11862	496	2024-11-29,06:00:00	627675.0032	627675.0032	330721	330721	1.98839	27.39	0.99852	1.88026	0	14	0	0	15	0x8103	CRC Ok
11886	497	2024-11-30,06:00:00	636749.5497	636749.5497	335548	335548	2.054	27.32	0.99839	1.94292	0	14	0	0	15	0x8103	CRC Ok
11910	498	2024-12-01,06:00:00	646208.6738	646208.6738	340673	340673	1.99091	27.13	0.9985	1.8845	0	14	0	0	15	0x8103	CRC Ok
11934	499	2024-12-02,06:00:00	650205.2305	650205.2305	343007	343007	1.99704	26.41	0.99846	1.89501	0	14	0	0	15	0x8103	CRC Ok
11958	500	2024-12-03,06:00:00	656856.5573	656856.5573	346480	346480	2.04775	25.75	0.99833	1.94725	0	14	0	0	15	0x8103	CRC Ok
11982	501	2024-12-04,06:00:00	667123.2578	667123.2578	351964	351964	2.00688	27.14	0.99847	1.89943	0	14	0	0	15	0x8103	CRC Ok
12006	502	2024-12-05,06:00:00	677410.598	677410.598	357444	357444	2.01481	26.96	0.99845	1.90807	0	14	0	0	15	0x8103	CRC Ok
12030	503	2024-12-06,06:00:00	687027.8236	687027.8236	362814	362814	1.94559	26.89	0.99857	1.84292	0	14	0	0	15	0x8103	CRC Ok
12054	504	2024-12-07,06:00:00	695745.4712	695745.4712	367676	367676	1.96427	26.45	0.99851	1.86356	0	14	0	0	15	0x8103	CRC Ok
12078	505	2024-12-08,06:00:00	706731.5083	706731.5083	373455	373455	2.03364	26.39	0.99838	1.92974	0	14	0	0	15	0x8103	CRC Ok
12102	506	2024-12-09,06:00:00	716784.5531	716784.5531	378797	378797	2.01246	26.17	0.99841	1.91103	0	14	0	0	15	0x8103	CRC Ok
12126	507	2024-12-10,06:00:00	727280.621	727280.621	384353	384353	2.01351	25.97	0.99841	1.91326	0	14	0	0	15	0x8103	CRC Ok
12150	508	2024-12-11,06:00:00	737969.2611	737969.2611	390121	390121	1.98869	25.7	0.99844	1.89149	0	14	0	0	15	0x8103	CRC Ok
12174	509	2024-12-12,06:00:00	748343.4126	748343.4126	395639	395639	2.0049	25.33	0.99839	1.90929	0	14	0	0	15	0x8103	CRC Ok
12198	510	2024-12-13,06:00:00	758490.8252	758490.8252	401209	401209	1.95582	24.66	0.99845	1.86691	0	14	0	0	15	0x8103	CRC Ok
12222	511	2024-12-14,06:00:00	764736.1243	764736.1243	404774	404774	1.96547	23.66	0.99839	1.88303	0	14	0	0	15	0x8103	CRC Ok
12246	512	2024-12-15,06:00:00	773567.7974	773567.7974	409554	409554	1.98728	24.26	0.99837	1.89965	0	14	0	0	15	0x8103	CRC Ok
12270	513	2024-12-16,06:00:00	783214.4568	783214.4568	414892	414892	1.95622	24.97	0.99846	1.86523	0	14	0	0	15	0x8103	CRC Ok
12294	514	2024-12-17,06:00:00	792699.3289	792699.3289	419635	419635	2.09708	24.21	0.99817	2.00474	0	14	0	0	15	0x8103	CRC Ok
12318	515	2024-12-18,06:00:00	803513.8251	803513.8251	425077	425077	2.08606	24.41	0.9982	1.99284	0	14	0	0	15	0x8103	CRC Ok
12342	516	2024-12-19,06:00:00	814483.4115	814483.4115	430570	430570	2.09459	24.21	0.99817	2.00236	0	14	0	0	15	0x8103	CRC Ok
12366	517	2024-12-20,06:00:00	825215.7147	825215.7147	435971	435971	2.08839	24.49	0.9982	1.99451	0	14	0	0	15	0x8103	CRC Ok
12390	518	2024-12-21,06:00:00	834899.6802	834899.6802	440880	440880	2.08412	24.52	0.9982	1.99023	0	14	0	0	15	0x8103	CRC Ok
12414	519	2024-12-22,06:00:00	845765.5179	845765.5179	446363	446363	2.08218	24.29	0.9982	1.98995	0	14	0	0	15	0x8103	CRC Ok
12438	520	2024-12-23,06:00:00	856257.376	856257.376	451788	451788	2.0425	24.48	0.99828	1.95068	0	14	0	0	15	0x8103	CRC Ok
12462	521	2024-12-24,06:00:00	866597.5571	866597.5571	457251	457251	2.00819	24.52	0.99835	1.91759	0	14	0	0	15	0x8103	CRC Ok
12486	522	2024-12-25,06:00:00	877364.3955	877364.3955	462799	462799	2.04971	24.54	0.99827	1.95714	0	14	0	0	15	0x8103	CRC Ok
12510	523	2024-12-26,06:00:00	887821.278	887821.278	468149	468149	2.06684	24.57	0.99824	1.97336	0	14	0	0	15	0x8103	CRC Ok
12534	524	2024-12-27,06:00:00	898378.3871	898378.3871	473546	473546	2.06668	24.67	0.99824	1.97255	0	14	0	0	15	0x8103	CRC Ok
12558	525	2024-12-28,06:00:00	909072.3209	909072.3209	478938	478938	2.08538	24.46	0.9982	1.99184	0	14	0	0	15	0x8103	CRC Ok
12582	526	2024-12-29,06:00:00	919772.4926	919772.4926	484339	484339	2.08499	24.59	0.99821	1.99061	0	14	0	0	15	0x8103	CRC Ok
12606	527	2024-12-30,06:00:00	930504.5838	930504.5838	489859	489859	2.05644	24.69	0.99826	1.96262	0	14	0	0	15	0x8103	CRC Ok
12630	528	2024-12-31,06:00:00	941032.2595	941032.2595	495319	495319	2.04427	24.63	0.99829	1.95141	0	14	0	0	15	0x8103	CRC Ok
12654	529	2025-01-01,06:00:00	951513.7295	951513.7295	500783	500783	2.02948	23.93	0.99828	1.94193	0	14	0	0	15	0x8103	CRC Ok
12678	530	2025-01-02,06:00:00	962840.4823	962840.4823	506626	506626	2.05228	23.75	0.99823	1.96499	0	14	0	0	15	0x8103	CRC Ok
12702	531	2025-01-03,06:00:00	973805.8501	973805.8501	512602	512602	1.94491	23.25	0.99841	1.86514	0	14	0	0	15	0x8103	CRC Ok
12726	532	2025-01-04,06:00:00	984300.8112	984300.8112	518251	518251	1.97941	23.25	0.99834	1.89828	0	14	0	0	15	0x8103	CRC Ok
12750	533	2025-01-05,06:00:00	995276.1586	995276.1586	524121	524121	1.97955	23.61	0.99836	1.89607	0	14	0	0	15	0x8103	CRC Ok
12774	534	2025-01-06,06:00:00	1006741.4362	1006741.4362	529924	529924	2.07462	23.77	0.99819	1.98618	0	14	0	0	15	0x8103	CRC Ok
12798	535	2025-01-07,06:00:00	1017933.5476	1017933.5476	535621	535621	2.0669	24.04	0.99821	1.97697	0	14	0	0	15	0x8103	CRC Ok
12822	536	2025-01-08,06:00:00	1028881.7037	1028881.7037	541262	541262	2.04944	24	0.99824	1.96053	0	14	0	0	15	0x8103	CRC Ok
12846	537	2025-01-09,06:00:00	1040217.8225	1040217.8225	547161	547161	2.0201	23.48	0.99828	1.9358	0	14	0	0	15	0x8103	CRC Ok
12870	538	2025-01-10,06:00:00	1051318.3785	1051318.3785	552991	552991	2.00586	23.42	0.9983	1.92259	0	14	0	0	15	0x8103	CRC Ok
12894	539	2025-01-11,06:00:00	1062793.8779	1062793.8779	558758	558758	2.0876	23.34	0.99814	2.00166	0	14	0	0	15	0x8103	CRC Ok
12918	540	2025-01-12,06:00:00	1073889.5816	1073889.5816	564282	564282	2.10488	23.21	0.9981	2.01918	0	14	0	0	15	0x8103	CRC Ok
12942	541	2025-01-13,06:00:00	1084681.3152	1084681.3152	569933	569933	2.01395	23.88	0.99831	1.92726	0	14	0	0	15	0x8103	CRC Ok
12966	542	2025-01-14,06:00:00	1095570.914	1095570.914	575956	575956	1.9176	24.04	0.9985	1.83379	0	14	0	0	15	0x8103	CRC Ok
12990	543	2025-01-15,06:00:00	1106399.5798	1106399.5798	581561	581561	2.04788	23.89	0.99824	1.95975	0	14	0	0	15	0x8103	CRC Ok
13014	544	2025-01-16,06:00:00	1118067.0727	1118067.0727	587494	587494	2.06996	23.77	0.99819	1.98178	0	14	0	0	15	0x8103	CRC Ok
13038	545	2025-01-17,06:00:00	1129188.5579	1129188.5579	593126	593126	2.078	23.83	0.99818	1.98903	0	14	0	0	15	0x8103	CRC Ok
13062	546	2025-01-18,06:00:00	1139401.5556	1139401.5556	598238	598238	2.10447	23.59	0.99812	2.01618	0	14	0	0	15	0x8103	CRC Ok
13086	547	2025-01-19,06:00:00	1150876.897	1150876.897	603992	603992	2.09089	23.72	0.99815	2.0022	0	14	0	0	15	0x8103	CRC Ok
13110	548	2025-01-20,06:00:00	1162731.8357	1162731.8357	610115	610115	2.04585	23.79	0.99824	1.9585	0	14	0	0	15	0x8103	CRC Ok
13134	549	2025-01-21,06:00:00	1173691.0582	1173691.0582	615819	615819	2.02583	23.73	0.99828	1.93969	0	14	0	0	15	0x8103	CRC Ok
13158	550	2025-01-22,06:00:00	1184705.6048	1184705.6048	621518	621518	2.03436	23.84	0.99827	1.94706	0	14	0	0	15	0x8103	CRC Ok
13182	551	2025-01-23,06:00:00	1195452.497	1195452.497	627241	627241	1.98982	23.7	0.99835	1.90535	0	14	0	0	15	0x8103	CRC Ok
13206	552	2025-01-24,06:00:00	1206662.9707	1206662.9707	633158	633158	1.9983	23.46	0.99832	1.91499	0	14	0	0	15	0x8103	CRC Ok
13230	553	2025-01-25,06:00:00	1217978.2204	1217978.2204	638875	638875	2.07409	23.31	0.99816	1.98884	0	14	0	0	15	0x8103	CRC Ok
13254	554	2025-01-26,06:00:00	1229377.8263	1229377.8263	644780	644780	2.03206	23.51	0.99826	1.94707	0	14	0	0	15	0x8103	CRC Ok
13278	555	2025-01-27,06:00:00	1240189.5932	1240189.5932	650702	650702	1.94891	23.57	0.99842	1.86689	0	14	0	0	15	0x8103	CRC Ok
13302	556	2025-01-28,06:00:00	1251127.4008	1251127.4008	656728	656728	1.92772	23.65	0.99846	1.84595	0	14	0	0	15	0x8103	CRC Ok
13326	557	2025-01-29,06:00:00	1262140.3665	1262140.3665	662787	662787	1.92722	23.77	0.99847	1.84471	0	14	0	0	15	0x8103	CRC Ok
13350	558	2025-01-30,06:00:00	1272986.9908	1272986.9908	668742	668742	1.93464	23.9	0.99847	1.85101	0	14	0	0	15	0x8103	CRC Ok
13374	559	2025-01-31,06:00:00	1284192.5986	1284192.5986	674751	674751	1.97808	24.05	0.99838	1.89169	0	14	0	0	15	0x8103	CRC Ok
13398	560	2025-02-01,06:00:00	1294202.8513	1294202.8513	679780	679780	2.09506	23.73	0.99814	2.00611	0	14	0	0	15	0x8103	CRC Ok
13422	561	2025-02-02,06:00:00	1305579.7087	1305579.7087	685490	685490	2.08711	23.58	0.99816	1.99946	0	14	0	0	15	0x8103	CRC Ok
13446	562	2025-02-03,06:00:00	1312161.4364	1312161.4364	688793	688793	2.117	23.93	0.9981	2.02584	0	14	0	0	15	0x8103	CRC Ok
13470	563	2025-02-04,06:00:00	1323391.1085	1323391.1085	694457	694457	2.0808	24.02	0.99819	1.99043	0	14	0	0	15	0x8103	CRC Ok
13494	564	2025-02-05,06:00:00	1334228.3855	1334228.3855	700058	700058	2.04671	24.09	0.99826	1.95725	0	14	0	0	15	0x8103	CRC Ok
13518	565	2025-02-06,06:00:00	1344844.3987	1344844.3987	705676	705676	2.00381	24.42	0.99835	1.91395	0	14	0	0	15	0x8103	CRC Ok
13542	566	2025-02-07,06:00:00	1355985.8907	1355985.8907	711537	711537	2.01707	24.59	0.99833	1.92554	0	14	0	0	15	0x8103	CRC Ok
13566	567	2025-02-08,06:00:00	1367266.9694	1367266.9694	717195	717195	2.09338	24.11	0.99817	2.00192	0	14	0	0	15	0x8103	CRC Ok
13590	568	2025-02-09,06:00:00	1378770.0072	1378770.0072	722965	722965	2.09196	23.97	0.99816	2.00148	0	14	0	0	15	0x8103	CRC Ok
13614	569	2025-02-10,06:00:00	1389767.166	1389767.166	728562	728562	2.06907	24.06	0.99821	1.97891	0	14	0	0	15	0x8103	CRC Ok
13638	570	2025-02-11,06:00:00	1399144.7339	1399144.7339	733459	733459	2.04238	24.3	0.99827	1.95172	0	14	0	0	15	0x8103	CRC Ok
13662	571	2025-02-12,06:00:00	1408718.5499	1408718.5499	738641	738641	1.98178	24.63	0.9984	1.89147	0	14	0	0	15	0x8103	CRC Ok
13686	572	2025-02-13,06:00:00	1419193.499	1419193.499	744465	744465	1.93764	24.94	0.9985	1.84724	0	14	0	0	15	0x8103	CRC Ok
13710	573	2025-02-14,06:00:00	1430165.8571	1430165.8571	750454	750454	1.95554	25.13	0.99848	1.86318	0	14	0	0	15	0x8103	CRC Ok
13734	574	2025-02-15,06:00:00	1440371.6653	1440371.6653	755640	755640	2.08075	24.51	0.9982	1.9871	0	14	0	0	15	0x8103	CRC Ok
13758	575	2025-02-16,06:00:00	1448690.0876	1448690.0876	759824	759824	2.11345	24.41	0.99814	2.01919	0	14	0	0	15	0x8103	CRC Ok
13782	576	2025-02-17,06:00:00	1458641.3478	1458641.3478	764830	764830	2.10794	24.69	0.99817	2.01186	0	14	0	0	15	0x8103	CRC Ok
13806	577	2025-02-18,06:00:00	1470065.4016	1470065.4016	770610	770610	2.0876	24.98	0.99822	1.99042	0	14	0	0	15	0x8103	CRC Ok
13830	578	2025-02-19,06:00:00	1481464.4521	1481464.4521	776620	776620	2.00984	25.38	0.99838	1.91345	0	14	0	0	15	0x8103	CRC Ok
13854	579	2025-02-20,06:00:00	1492241.9316	1492241.9316	782536	782536	1.94622	25.67	0.99852	1.85092	0	14	0	0	15	0x8103	CRC Ok
13878	580	2025-02-21,06:00:00	1502480.867	1502480.867	788265	788265	1.92278	25.79	0.99857	1.82787	0	14	0	0	15	0x8103	CRC Ok
13902	581	2025-02-22,06:00:00	1512502.4276	1512502.4276	793309	793309	2.11153	25.39	0.99819	2.01057	0	14	0	0	15	0x8103	CRC Ok
13926	582	2025-02-23,06:00:00	1524108.9771	1524108.9771	799142	799142	2.10096	24.81	0.99819	2.00441	0	14	0	0	15	0x8103	CRC Ok
13950	583	2025-02-24,06:00:00	1535567.2579	1535567.2579	804944	804944	2.08773	25	0.99822	1.99041	0	14	0	0	15	0x8103	CRC Ok
13974	584	2025-02-25,06:00:00	1546386.8198	1546386.8198	810950	810950	1.92684	25.58	0.99855	1.83303	0	14	0	0	15	0x8103	CRC Ok
13998	585	2025-02-26,06:00:00	1556772.5844	1556772.5844	816867	816867	1.89506	25.78	0.99862	1.80146	0	14	0	0	15	0x8103	CRC Ok
14022	586	2025-02-27,06:00:00	1567553.452	1567553.452	823048	823048	1.87129	25.9	0.99867	1.77808	0	14	0	0	15	0x8103	CRC Ok
14046	587	2025-02-28,06:00:00	1577888.5012	1577888.5012	829088	829088	1.84344	26.07	0.99873	1.75041	0	14	0	0	15	0x8103	CRC Ok
14070	588	2025-03-01,06:00:00	1588490.8401	1588490.8401	835053	835053	1.91535	26.13	0.99859	1.81868	0	14	0	0	15	0x8103	CRC Ok
14094	589	2025-03-02,06:00:00	1599377.1563	1599377.1563	841117	841117	1.92231	26.41	0.99859	1.82354	0	14	0	0	15	0x8103	CRC Ok
14118	590	2025-03-03,06:00:00	1609913.6164	1609913.6164	846606	846606	2.05074	26.54	0.99836	1.94494	0	14	0	0	15	0x8103	CRC Ok
14142	591	2025-03-04,06:00:00	1618746.9996	1618746.9996	851076	851076	2.09942	26.61	0.99827	1.99072	0	14	0	0	15	0x8103	CRC Ok
14166	592	2025-03-05,06:00:00	1629485.8195	1629485.8195	856566	856566	2.07651	26.61	0.99832	1.96897	0	14	0	0	15	0x8103	CRC Ok
14190	593	2025-03-06,06:00:00	1639812.1988	1639812.1988	861828	861828	2.08759	26.81	0.99831	1.97812	0	14	0	0	15	0x8103	CRC Ok
14214	594	2025-03-07,06:00:00	1649746.1767	1649746.1767	867025	867025	2.04534	26.85	0.99838	1.93776	0	14	0	0	15	0x8103	CRC Ok
14238	595	2025-03-08,06:00:00	1656501.0423	1656501.0423	870439	870439	2.12211	26.57	0.99822	2.01269	0	14	0	0	15	0x8103	CRC Ok
14262	596	2025-03-09,06:00:00	1666406.2253	1666406.2253	875489	875489	2.095	26.79	0.99829	1.98534	0	14	0	0	15	0x8103	CRC Ok
14286	597	2025-03-10,06:00:00	1674090.3405	1674090.3405	879446	879446	2.08362	27.6	0.99834	1.96918	0	14	0	0	15	0x8103	CRC Ok
14310	598	2025-03-11,06:00:00	1684517.2229	1684517.2229	884841	884841	2.05937	27.62	0.9984	1.94603	0	14	0	0	15	0x8103	CRC Ok
14334	599	2025-03-12,06:00:00	1694379.2141	1694379.2141	890386	890386	1.90567	27.86	0.99868	1.79885	0	14	0	0	15	0x8103	CRC Ok
14358	600	2025-03-13,06:00:00	1705025.3827	1705025.3827	896035	896035	2.01435	28	0.99849	1.90082	0	14	0	0	15	0x8103	CRC Ok
14382	601	2025-03-14,06:00:00	1715706.3456	1715706.3456	901521	901521	2.08297	27.99	0.99837	1.96582	0	14	0	0	15	0x8103	CRC Ok
14406	602	2025-03-15,06:00:00	1723625.1724	1723625.1724	905561	905561	2.11067	27.71	0.9983	1.99413	0	14	0	0	15	0x8103	CRC Ok
14430	603	2025-03-16,06:00:00	1734008.6511	1734008.6511	910870	910870	2.07938	27.7	0.99837	1.96449	0	14	0	0	15	0x8103	CRC Ok
14454	604	2025-03-17,06:00:00	1744623.6739	1744623.6739	916320	916320	2.07359	28.21	0.99839	1.95558	0	14	0	0	15	0x8103	CRC Ok
14478	605	2025-03-18,06:00:00	1755123.515	1755123.515	921927	921927	2.00093	28.04	0.99852	1.8879	0	14	0	0	15	0x8103	CRC Ok
14502	606	2025-03-19,06:00:00	1765353.092	1765353.092	927596	927596	1.94202	28.7	0.99866	1.82802	0	14	0	0	15	0x8103	CRC Ok
14526	607	2025-03-20,06:00:00	1775831.306	1775831.306	933361	933361	1.9528	28.96	0.99864	1.8366	0	14	0	0	15	0x8103	CRC Ok
14550	608	2025-03-21,06:00:00	1785903.5083	1785903.5083	939031	939031	1.91652	28	0.99867	1.80821	0	14	0	0	15	0x8103	CRC Ok
14574	609	2025-03-22,06:00:00	1796095.6052	1796095.6052	944809	944809	1.89902	27.89	0.9987	1.79241	0	14	0	0	15	0x8103	CRC Ok
14598	610	2025-03-23,06:00:00	1806873.241	1806873.241	950558	950558	2.00464	27.41	0.99848	1.89545	0	14	0	0	15	0x8103	CRC Ok
14622	611	2025-03-24,06:00:00	1817562.8546	1817562.8546	956246	956246	2.01155	27.84	0.99849	1.89927	0	14	0	0	15	0x8103	CRC Ok
14646	612	2025-03-25,06:00:00	1828209.3708	1828209.3708	961841	961841	2.03231	28.01	0.99847	1.91778	0	14	0	0	15	0x8103	CRC Ok
14670	613	2025-03-26,06:00:00	1836685.2267	1836685.2267	966344	966344	2.05149	28.21	0.99843	1.93473	0	14	0	0	15	0x8103	CRC Ok
14694	614	2025-03-27,06:00:00	1846057.1402	1846057.1402	971121	971121	2.1098	27.45	0.99829	1.99491	0	14	0	0	15	0x8103	CRC Ok
14718	615	2025-03-28,06:00:00	1855965.9084	1855965.9084	976164	976164	2.1349	27.62	0.99826	2.01757	0	14	0	0	15	0x8103	CRC Ok
14742	616	2025-03-29,06:00:00	1865173.862	1865173.862	980878	980878	2.1275	27.64	0.99827	2.01041	0	14	0	0	15	0x8103	CRC Ok
14766	617	2025-03-30,06:00:00	1873051.2388	1873051.2388	984920	984920	2.17034	28.07	0.99821	2.04809	0	14	0	0	15	0x8103	CRC Ok
14790	618	2025-03-31,06:00:00	1879133.3679	1879133.3679	988044	988044	2.18326	28.8	0.99822	2.05529	0	14	0	0	15	0x8103	CRC Ok
14814	619	2025-04-01,06:00:00	1884016.5773	1884016.5773	990577	990577	2.08162	28.7	0.99841	1.95987	0	14	0	0	15	0x8103	CRC Ok
14838	620	2025-04-02,06:00:00	1889941.3895	1889941.3895	993656	993656	2.05194	28.61	0.99846	1.93242	0	14	0	0	15	0x8103	CRC Ok
14862	621	2025-04-03,06:00:00	1893697.393	1893697.393	995612	995612	1.80441	29.31	0.99892	1.69569	0	14	0	0	15	0x8103	CRC Ok
14886	622	2025-04-04,06:00:00	1899589.1422	1899589.1422	998731	998731	2.03828	30.04	0.99854	1.91035	0	14	0	0	15	0x8103	CRC Ok
14910	623	2025-04-05,06:00:00	1905938.4572	1905938.4572	1002155	1002155	2.01608	30.14	0.99859	1.88891	0	14	0	0	15	0x8103	CRC Ok
14934	624	2025-04-06,06:00:00	1915491.3913	1915491.3913	1007213	1007213	2.02949	29.76	0.99855	1.90401	0	14	0	0	15	0x8103	CRC Ok
14958	625	2025-04-07,06:00:00	1923438.0432	1923438.0432	1011329	1011329	2.05787	28.92	0.99846	1.93603	0	14	0	0	15	0x8103	CRC Ok
14982	626	2025-04-08,06:00:00	1931359.2319	1931359.2319	1015434	1015434	2.05751	29.15	0.99847	1.93417	0	14	0	0	15	0x8103	CRC Ok
15006	627	2025-04-09,06:00:00	1942776.104	1942776.104	1021438	1021438	2.02988	29.51	0.99853	1.90586	0	14	0	0	15	0x8103	CRC Ok
15030	628	2025-04-10,06:00:00	1953506.1648	1953506.1648	1027601	1027601	1.88309	29.81	0.9988	1.76589	0	14	0	0	15	0x8103	CRC Ok
15054	629	2025-04-11,06:00:00	1963666.229	1963666.229	1033829	1033829	1.77988	29.55	0.99898	1.67058	0	14	0	0	15	0x8103	CRC Ok
15078	630	2025-04-12,06:00:00	1974596.7936	1974596.7936	1039936	1039936	1.93051	29.61	0.99871	1.81175	0	14	0	0	15	0x8103	CRC Ok
15102	631	2025-04-13,06:00:00	1983866.3131	1983866.3131	1045244	1045244	1.91424	29.76	0.99875	1.79548	0	14	0	0	15	0x8103	CRC Ok
15128	632	2025-04-14,06:00:00	1994295.7833	1994295.7833	1051415	1051415	1.71581	29.91	0.9991	1.60793	0	14	0	0	15	0x8103	CRC Ok
15152	633	2025-04-15,06:00:00	2002502.4901	2002502.4901	1056035	1056035	1.95344	29.9	0.99869	1.83164	0	14	0	0	15	0x8103	CRC Ok
